{
  "model": "YOLOv12n",
  "training_time": 1366.2410609722137,
  "params": 2.538876,
  "inference_time_ms": 64.92605971496752,
  "map50": 0.9107292752853682,
  "map50_95": 0.6085760983070688
}