{
  "model": "YOLOv8n",
  "training_time": 1640.5226504802704,
  "params": 3.011628,
  "inference_time_ms": 94.03822000022046,
  "map50": 0.9251813373309836,
  "map50_95": 0.6146185042900332
}