{
  "model": "YOLOv8n",
  "training_time": 850.3876438140869,
  "params": 3.011628,
  "inference_time_ms": 78.43713099802179,
  "map50": 0.917259215937883,
  "map50_95": 0.6029271122698694
}
