{
  "model": "YOLOv12n",
  "training_time": 36.35288095474243,
  "params": 2.520444,
  "inference_time_ms": 130.51933759998064,
  "map50": 0.00019938031260477337,
  "map50_95": 3.9474618007559104e-05
}