{
  "model": "YOLOv12n",
  "training_time": 2470.716182947159,
  "params": 2.538876,
  "inference_time_ms": 140.81103000207804,
  "map50": 0.9193109580726497,
  "map50_95": 0.6236742853640068
}